"2025-11-07T08:07:21.339Z","AUTHOR","[議事録]","プロジェクトA","20251107_[議事録]_プロジェクトA_v0010.txt","C:\projects\file_app\save\20251107_[議事録]_プロジェクトA_v0010.txt",""
"2025-11-07T08:39:51.041Z","Sloth","[議事録]","プロジェクトA","20251107_[議事録]_プロジェクトA_v0011.txt","C:\projects\file_app\save\20251107_[議事録]_プロジェクトA_v0011.txt",""
"2025-11-07T08:47:21.867Z","Sloth","[議事録]","プロジェクトA","20251107_SLoth_[議事録]_プロジェクトA_v0001.txt","C:\projects\file_app\save\20251107_SLoth_[議事録]_プロジェクトA_v0001.txt",""
"2025-11-07T09:02:00.877Z","Sloth","[議事録]","プロジェクトA","20251107_[議事録]_プロジェクトA_v0001_Sloth.txt","C:\projects\file_app\save\20251107_[議事録]_プロジェクトA_v0001_Sloth.txt",""
"2025-11-07T09:42:05.435Z","Sloth","[議事録]","プロジェクトA","20251107_[議事録]_プロジェクトA_v0001.md","C:\projects\file_app\save\20251107_[議事録]_プロジェクトA_v0001.md",""
"2025-11-07T09:42:48.545Z","Sloth","[議事録]","プロジェクトA","20251107_[議事録]_プロジェクトA_v0002.md","C:\projects\file_app\save\20251107_[議事録]_プロジェクトA_v0002.md",""
"2025-11-07T09:44:23.131Z","Sloth","[議事録]","プロジェクトA","20251107-184423_[議事録]_プロジェクトA_v0001.md","C:\projects\file_app\save\20251107-184423_[議事録]_プロジェクトA_v0001.md",""
"2025-11-07T10:18:14.016Z","Author","[議事録]","プロジェクトA","20251107_[議事録]_プロジェクトA_v0001_.txt","C:\projects\file_app\save\20251107_[議事録]_プロジェクトA_v0001_.txt",""
"2025-11-07T10:18:29.692Z","Author","[議事録]","プロジェクトA","20251107_[議事録]_プロジェクトA_v0002_.txt","C:\projects\file_app\save\20251107_[議事録]_プロジェクトA_v0002_.txt",""
"2025-11-07T10:40:33.586Z","Author","[議事録]","プロジェクトA","20251107_[議事録]_プロジェクトA_v0001.txt","C:\projects\file_app\save\20251107_[議事録]_プロジェクトA_v0001.txt",""
"2025-11-07T10:41:12.627Z","Author","[議事録]","プロジェクトA","20251107_[議事録]_プロジェクトA_v0001.txt","C:\projects\file_app\save\20251107_[議事録]_プロジェクトA_v0001.txt",""
"2025-11-07T10:46:17.682Z","Author","[議事録]","プロジェクトA","20251107_[議事録]_プロジェクトA_v0002.txt","C:\projects\file_app\save\20251107_[議事録]_プロジェクトA_v0002.txt",""
"2025-11-07T11:05:11.942Z","Author","[議事録]","プロジェクトA","20251107_[議事録]_プロジェクトA__v0001.txt","C:\projects\file_app\save\20251107_[議事録]_プロジェクトA__v0001.txt",""
"2025-11-07T12:17:20.376Z","Author","[議事録]","プロジェクトA","20251107_[議事録]_プロジェクトA_v0001_.txt","C:\projects\file_app\save\20251107_[議事録]_プロジェクトA_v0001_.txt",""
"2025-11-08T00:27:24.978Z","Author","[報告書]","","20251108_[報告書]_aaa_v0001.csv","C:\projects\save\20251108_[報告書]_aaa_v0001.csv",""
"2025-11-08T00:30:04.965Z","Author","[議事録]","プロジェクトA","20251108_[議事録]_プロジェクトA_v0001_da.txt","C:\projects\save\20251108_[議事録]_プロジェクトA_v0001_da.txt",""
"2025-11-08T00:38:36.688Z","Author","","","20251108_v0001.txt","C:\projects\file_app\save\20251108_v0001.txt",""
"2025-11-08T00:38:42.709Z","Author","","","20251108_v0002.txt","C:\projects\file_app\save\20251108_v0002.txt",""
"2025-11-08T00:38:45.157Z","Author","","","20251108_v0003.txt","C:\projects\file_app\save\20251108_v0003.txt",""
"2025-11-08T01:04:29.628Z","Author","","","20251108-100429_v0001.txt","C:\projects\file_app\save\20251108-100429_v0001.txt",""
"2025-11-08T01:04:49.994Z","Author","","","20251108-100449_v0001.txt","C:\projects\file_app\save\20251108-100449_v0001.txt",""
"2025-11-08T01:06:33.795Z","Author","[議事録]","プロジェクトA","20251108_[議事録]_プロジェクトA_v0001.txt","C:\projects\file_app\save\20251108_[議事録]_プロジェクトA_v0001.txt",""
"2025-11-08T01:23:53.256Z","Author","[議事録]","","20251108_[議事録].csv","C:\projects\file_app\save\20251108_[議事録].csv",""
"2025-11-08T01:28:43.933Z","Author","[議事録]","プロジェクトA","20251108_[議事録]_プロジェクトA_v0002.txt","C:\projects\file_app\save\20251108_[議事録]_プロジェクトA_v0002.txt",""
"2025-11-08T01:28:49.134Z","Author","[議事録]","プロジェクトA","20251108_[議事録]_プロジェクトA_v0003.txt","C:\projects\file_app\save\20251108_[議事録]_プロジェクトA_v0003.txt",""
"2025-11-08T01:28:50.591Z","Author","[議事録]","プロジェクトA","20251108_[議事録]_プロジェクトA_v0004.txt","C:\projects\file_app\save\20251108_[議事録]_プロジェクトA_v0004.txt",""
"2025-11-08T01:29:24.182Z","Author","[議事録]","プロジェクトA","20251108_[議事録]_プロジェクトA_v0005.txt","C:\projects\file_app\save\20251108_[議事録]_プロジェクトA_v0005.txt",""
"2025-11-08T03:37:27.435Z","Author","[議事録]","プロジェクトA","20251108_[議事録]_プロジェクトA_v0006.txt","C:\projects\file_app\save\20251108_[議事録]_プロジェクトA_v0006.txt",""
"2025-11-08T03:40:25.884Z","Author","[議事録]","プロジェクトA","20251108_[議事録]_プロジェクトA_v0007.txt","C:\projects\file_app\save\20251108_[議事録]_プロジェクトA_v0007.txt",""
"2025-11-08T03:43:24.768Z","Author","","プロジェクトA","20251108_プロジェクトA_v0001.md","C:\projects\save\20251108_プロジェクトA_v0001.md",""
